title,link,content
"[삼성전자, 경영진 총동원…부산엑스포 유치전에 '총력']",https://n.news.naver.com/mnews/article/031/0000683165?sid=101,"[
한종희 부회장, 멕시코 외교부 장관에 요청…멕시코 외교사절단 수원 디지털시티에 초청삼성전자가 경영진을 총동원해 '2030 부산 세계박람회' 유치에 총력을 기울이고 있다.5일 삼성전자에 따르면 한종희 부회장은 이날 오전 서울에서 마르셀로 에브라르드 멕시코 외교부 장관과 만나 사업 현안을 논의하며 부산 세계박람회 적극 지지를 요청할 예정이다.삼성전자 관계자는 ""한종희 부회장이 마르셀로 에브라르드 멕시코 외교부 장관과의 일정이 계획 돼 있다""며 ""부산엑스포 유치를 위한 멕시코의 지지를 당부할 것""이라고 말했다.



카르멘 모레노 토스카노 멕시코 외교차관과 박학규 삼성전자 경영지원실장 사장 등이 함께 4일 S/I/M을 관람하고 있는 모습. [사진=삼성전자 ]한 부회장 외 삼성 경영진들도 5~6일 이틀간 부산에서 열리는 '2022 한국-중남미 미래협력 포럼' 참석을 위해 방한한 멕시코, 코스타리카, 도미니카공화국 등의 정부 관계자들을 만나 설득할 계획이다.삼성전자는 현재 대한상공회의소에 사무국을 둔 '2030 부산세계박람회 유치 기원 민간위원회'에 참여해 국내외에서 유치 지원 활동을 펼치고 있다.삼성전자는 지난 5월부터 정현호 부회장을 중심으로 30~40명 규모의 부산 엑스포 유치 지원 태스크포스(TF)를 가동하고 적극적인 유치 활동을 벌이고 있다.삼성전자는 지난 4일 카르멘 모레노 토스카노 외교차관 등 멕시코 외교사절단을 수원 본사 디지털시티에 초청했다. 이들은 삼성이노베이션뮤지엄(SIM)을 관람하고 삼성전자 경영진과 만났다. 이 자리에는 삼성전자 박학규 경영지원실장이 참석해 부산엑스포 유치 지지를 당부했다.민간위원회 집행위원인 이인용 삼성전자 사장은 내달 '퍼시픽 아일랜드 포럼(PIF) 정상회의'가 열리는 피지도 직접 참석해 부산엑스포 지지 요청 활동을 진행할 예정이다. 이 사장은 지난달 21일 프랑스 파리의 부산엑스포 유치 지원 현장에도 참석해 부산 엑스포 유치 지원에 나섰다.앞으로도 경영진들은 지속적으로 해외 인사들이 모이는 포럼과 해외 출장 일정을 소화하며 현지 사업 파트너들과 만나 부산엑스포 유치를 위한 득표 활동을 전개할 예정이다.삼성전자 관계자는 ""2030 부산세계박람회 유치에 힘을 보탤 수 있도록 다양한 채널을 통한 전방위 홍보 지원에 총력을 다할 것""이라고 강조했다.
]"
"[오유경 식약처장, 삼성전자 찾아 반도체 생산 공정 참관]",https://n.news.naver.com/mnews/article/003/0011287058?sid=102,"[
기사내용 요약삼성전자 평택공장 방문…반도체, 헬스케어기기 현황 점검""반도체 활용 의료기기 시장 급성장…적극적인 규제 혁신""



오유경 식품의약품안전처장이 5일 오후 삼성전자 평택공장을 방문해 반도체와 지디털 헬스케어 기기에 대한 설명을 듣고 있다.(사진 : 식약처 제공) *재판매 및 DB 금지[서울=뉴시스] 안호균 기자 = 오유경 식품의약품안전처장이 5일 디지털 헬스케어 기기의 핵심 부품인 반도체 생산 현장의 목소리를 듣기 위해 삼성전자 평택공장을 찾았다.오 처장은 이날 오후 경기 평택시 삼성전자 평택공장을 방문해 반도체 생산 공정을 참관하고 반도체와 헬스케어용 의료기기의 현황에 대한 설명을 들었다. 오 처장은 ""최근 의료 패러다임이 예방·건강관리 중심으로 전환되고 있는 추세에 따라 디지털 헬스케어기기 등 반도체를 활용한 의료기기 시장이 급격히 성장하고 있다""며 ""지금이야말로 정부와 민간이 함께 부단히 노력해 반도체 기반 디지털 의료기기 세계 시장을 선점하고 국제 규제를 선도할 수 있는 기틀을 마련해야 할 시기""라고 강조했다.아울러 ""과학적 지식과 전문성을 기반으로 안전을 확보하면서도 적극적인 규제혁신을 추진해 기업이 현장에서 겪는 다양한 문제를 창의적으로 해결해 반도체를 활용한 혁신기술 기반 디지털 헬스케어의 혁명이 가속되도록 정책적 지원을 아끼지 않겠다”고 말했다.식약처는 4차 산업혁명의 핵심 부품인 반도체가 의료기기를 비롯한 첨단 산업에서 활용되는 부분을 직접 살펴보고, 현장 중심의 정책적 지원방안을 모색하기 위해 이번 현장방문 일정을 마련했다고 설명했다. 윤석열 대통령이 취임 후 장관들에게 반도체 관련 공부를 주문하고 있는 점도 오 처장의 이번 현장 행보에 영향을 미쳤다는 분석이다.식약처는 ""반도체 기반 혁신형 디지털 의료기기가 세계 시장을 선점할 수 있도록 임상시험 평가 가이드라인을 선제적으로 발간하고 규제과학 인력도 지속적으로 양성할 계획""이라며 ""앞으로도 국민 안전을 지키는 규제기관으로서 역할과 함께 디지털 대전환의 시대에 맞춰 다양한 신개념·신기술 의료기기가 개발돼 국민의 치료 기회가 확대될 수 있도록 업계와 끊임없이 소통·협력하는 동반자의 역할도 수행하겠다""고 밝혔다.
]"
"[한종희 삼성전자 부회장, 멕시코 외교사절단 만나 '사업 현황' 논의]",https://n.news.naver.com/mnews/article/092/0002261538?sid=105,"[
'부산엑스포' 유치 지지도 당부삼성전자 경영진이 멕시코 외교사절단을 만나 삼성전자의 멕시코 사업 현황을 논의했다.한종희 삼성전자 DX부문장 부회장은 5일 서울에서 마르셀로 에브라르드 멕시코 외교부 장관을 만나 멕시코 현지에서 진행하고 있는 사업과 사회공헌 활동 등을 설명했다.



한종희 삼성전자 DX부문장 부회장(왼쪽)은 5일 서울에서 마르셀로 에브라르드 멕시코 외교부 장관(오른쪽)을 만났다.(사진=삼성전자)삼성전자는 멕시코 티후아나에서 TV, 케레타로에서 가전공장을 운영 중이다. 멕시코 티후아나 TV 공장은 삼성전자 전체 TV 생산량의 20%를 차지하며, 이중 매출액 기준으로 전체의 80%가 미국과 캐나다로 수출된다.마르셀로 에브라르드 멕시코 외교장관은 이날 트위터를 통해 한 부회장과 만남을 알리며 ""삼성은 80년대 후반 멕시코에 진출했으며 신뢰할 수 있고 생산적인 파트너""라고 밝혔다.멕시코 외교사절단은 '2022 한국-중남미 미래협력 포럼'을 맞아 방한했다. 전날 4일에는 카르멘 모레노 토스카노 외교차관 등 멕시코 외교사절단이 삼성전자 수원 본사 디지털시티에 초청돼 삼성이노베이션뮤지엄(SIM)을 관람하고 삼성전자 경영진과 환담했다. 이 자리에는 삼성전자 박학규 경영지원실장(사장), 최성안 삼성엔지니어링 사장 등이 참석했다.아울러 한 부회장은 부산엑스포 유치를 위한 지지도 당부했다.삼성은 지난 5월 '부산엑스포 유치 지원 태스크포스(TF)'를 구성하고 모든 관계사의 글로벌 네트워크를 활용해 본격적인 유치 활동에 들어갔다.



한종희 삼성전자 DX부문장 부회장(왼쪽에서 네번째)은 5일 서울에서 마르셀로 에브라르드 멕시코 외교부 장관(왼쪽에서 다섯번째)을 만나 멕시코 사업 현황과 사회공헌활동 등을 설명했다.(사진=삼성전자)삼성전자 사장단은 이번 한국-중남미 미래협력포럼을 계기로 방한하는 멕시코뿐 아니라 코스타리카, 도미니카공화국, 엘살바도르, 온두라스, 엘살바도르, 콜롬비아 등의 정부 관계자들을 잇달아 만날 예정이다. 회동을 통해 현지 사업과 관련한 협력을 요청하고, 동시에 부산엑스포 유치에 대한 지지를 당부할 것으로 관측된다.
]"
"[[단독] 권혁우 前 산업부 미주통상과장, 삼성전자 반도체 GPA 맡았다]",https://n.news.naver.com/mnews/article/366/0000825560?sid=101,"[
미국변호사 자격증 갖춘 정통 통상관료        권혁우 전 산업통상자원부 미주통상과장이 지난 1일부터 삼성전자(005930) 반도체(DS) 부문에서 글로벌 퍼블릭 어페어스(Global Public Affairs, GPA)팀 상무를 맡고 있는 것으로 5일 확인됐다. GPA팀은 해외법인 관리, 사회공헌과 대외활동, 현지정부와 소통하는 대관업무 등 현지 경영현안을 지원하는 조직이다. 삼성전자의 GPA팀장은 외교부 출신 김원경 부사장이 맡고 있다.권 전 과장은 행정고시 45회로 공직에 입문해 통상교섭본부 북미EU통상과, 산업부 통상정책총괄과를 거쳐 환태평양경제동반자협정(TPP) 해외대응팀장, 산업부 통상교섭실 자유무역협정(FTA)협상총괄과장, 주제네바 한국대표부 참사관, 세계무역기구(WTO) 세이프가드위원회 의장, 산업부 미주통상과장 등을 거쳤다. 미국 조지타운대 법학전문대학원 출신으로 미국 변호사 자격증도 갖고 있다.



권혁우 전 산업통상자원부 과장/ 한국정책방송(KTV) 캡처        삼성전자는 반도체 사업에서 미국 정부와 풀어야할 과제가 많아 관련 인력을 확충하고 있다. 삼성전자는 지난 2월 마크 리퍼트 전 주한 미국대사를 북미 대외협력팀장(부사장)으로 영입하기도 했다.삼성전자는 지난해 미국 정부의 반도체 관련 정보 제출로 곤욕을 치렀고, 공급망 문제와 관련해서도 미국 정부로부터 해결에 동참해달라는 요청을 받기도 했다. 또 지난해 텍사스주 테일러시에 20조원을 투자해 신규 파운드리(반도체 위탁생산) 라인을 건설하기로 하는 등 현지 투자도 확대하고 있다.
]"
"[삼성 네오 QLED 8K, 영국서 호평 이어져]",https://n.news.naver.com/mnews/article/030/0003028062?sid=105,"[




삼성전자는 2022년형 네오 QLED 8K가 영국 유명 테크 매체들로부터 잇따라 호평을 받고 있다고 5일 밝혔다.삼성전자는 2022년형 '네오 QLED 8K'가 영국 유명 테크 매체들로부터 잇따라 호평을 받고 있다고 5일 밝혔다.IT 전문 매체 T3는 삼성 네오 QLED 8K 'QN900B' 제품에 최고점인 5점을 부여했다. 이 매체는 QN900B가 “탁월한 인공지능(AI) 기반 이미지 프로세싱으로 최고 수준 화질을 자랑하는 8K TV”라고 평가하며 “14비트 콘트라스트 맵핑 기술로 명암비를 높여 블랙 표현이 정교하며 빛 번짐을 최소화해 어두운 화면에서도 세밀한 표현이 가능하다”고 설명했다. 이어 “이 제품에 적용된 인피니티 스크린은 베젤이 제로에 가까워 몰입감이 뛰어나며 스탠드는 내구성이 좋고 공간을 많이 차지하지 않는다”며 디자인도 호평했다.T3는 QN900B를 선택해야 하는 이유로 △탁월한 HDR 영상 구현 △모든 기능을 갖고 있는 스마트 TV 플랫폼 △돌비 애트모스를 탑재해 몰입감이 뛰어난 사운드 △게이머를 위한 가변주사율(VRR)·자동 저 지연모드(ALLM)·4K 해상도에 주사율 144㎐ 지원 등을 꼽았다.AV 전문 매거진 홈 시네마 초이스는 QN900B를 “높은 가격에도 불구하고 구매 욕구를 불러 일으키는 제품”이라고 소개하면서 최고점인 5점을 부여하고 '베스트바이(Best Buy)' 제품으로 선정했다. 화질은 “뛰어난 HDR 성능을 구현하며 최고 수준”이라고 평가했다. 또 “퀀텀 미니 LED 시스템이 개선돼 로컬 디밍존 성능이 좋아졌으며, 강력한 사운드는 게임 사용자에게 최적의 선택이 될 것”이라고 언급했다. 디자인에 대해서도 “지난해 대비 더 슬림해지고 잘 보이지 않는 후면까지 우아함이 느껴진다”고 평가했다.IT 전문 매체 테크레이더는 “삼성 QN900B는 한층 업그레이드된 성능을 자랑한다”며 “퀀텀 미니 LED를 기반으로 색상·밝기·깊은 블랙 등 뛰어난 화질과 웅장한 사운드, 감각적인 디자인이 돋보이는 제품”이라고 평가했다.실제 2022년형 네오 QLED 8K는 퀀텀 미니 LED를 기반으로 빛의 밝기를 기존 4096단계(12비트)에서 4배 가량 증가된 1만 6384단계(14비트)로 조절해 가까이에서도 픽셀이 두드러지거나 뭉개짐 없는 선명한 영상을 제공한다. 영상에 있는 사물 형태와 표면 분석은 물론 광원 형상까지 최적화해 밝고 어두운 곳을 섬세하게 표현해 풍부한 색상과 블랙 디테일을 표현할 수 있다.성일경 삼성전자 영상디스플레이사업부 부사장은 “2022년형 네오 QLED 8K는 업계 최고 수준 해상도와 화질뿐 아니라 소비자에게 최적화된 스마트·게이밍 기능을 모두 갖춘 제품”이라며 “프리미엄 TV 시장 확대를 기반으로 17년 연속 TV 시장 1위를 달성할 것”이라고 말했다.
]"
"[""최고 수준 화질"" 삼성 Neo QLED 8K, 英 매체 호평 이어져]",https://n.news.naver.com/mnews/article/629/0000158918?sid=105,"[
T3·홈 시네마 초이스·테크레이더 등 영국 테크 매체 잇단 호평



삼성전자의 2022년형 'Neo QLED 8K'가 IT 전문 매체 T3와 AV 전문 매거진 홈 시네마 초이스, IT 전문 매체 테크레이더 등 영국 유명 테크 매체로부터 잇따라 호평을 받았다. /삼성전자 제공삼성전자의 2022년형 'Neo QLED 8K'가 영국 유명 테크 매체들로부터 잇따라 호평을 받으며 존재감을 드러냈다. 5일 업계에 따르면 영국 IT 전문 매체 T3는 삼성 Neo QLED 8K 'QN900B' 제품에 대해 최고점인 5점을 부여했다. 이 매체는 ""탁월한 인공지능(AI) 기반 이미지 프로세싱을 통해 최고 수준의 화질을 자랑하는 8K TV""라며 ""특히 14비트 콘트라스트 맵핑 기술을 통해 명암비를 높여 블랙 표현이 정교하며, 빛 번짐을 최소화해 어두운 화면에서도 세밀한 표현이 가능하다""고 호평했다.이어 ""해당 제품에 적용된 인피니티 스크린은 베젤이 제로에 가까워 몰입감이 뛰어나며, 스탠드는 내구성이 좋고 공간을 많이 차지하지 않는다""고 덧붙였다.T3는 QN900B의 특장점으로 △탁월한 HDR 영상 구현 △모든 기능을 갖고 있는 스마트 TV 플랫폼 △돌비 애트모스를 탑재해 몰입감이 뛰어난 사운드 △게이머를 위한 VRR(가변 주사율)·ALLM(자동 저 지연 모드)·4K@144Hz 지원 등을 꼽았다.아울러 AV 전문 매거진 홈 시네마 초이스는 QN900B에 대해 ""높은 가격에도 불구하고 구매 욕구를 불러 일으키는 제품""이라며 최고점인 5점을 부여하고 '베스트바이' 제품으로 선정했다.홈 시네마 초이스는 ""뛰어난 HDR 성능을 구현하며 최고 수준의 화질이다. 퀀텀 미니 LED 시스템이 개선돼 로컬 디밍존의 성능이 좋아졌으며, 강력한 사운드는 게임 사용자에게 최적의 선택이 될 것""이라고 밝혔다. 그러면서 ""지난해 대비 더 슬림해지고 잘 보이지 않는 후면까지 우아함이 느껴진다""며 디자인에 대해서도 호평했다.IT 전문 매체 테크레이더 역시 ""삼성 QN900B는 의심할 여지 없이 한층 업그레이드된 성능을 자랑한다""며 ""퀀텀 미니 LED를 기반으로 색상·밝기·깊은 블랙 등 뛰어난 화질과 웅장한 사운드, 감각적인 디자인이 돋보이는 제품""이라고 평가했다.2022년형 Neo QLED 8K는 새로운 화질 기술을 대거 적용됐다. '퀀텀 미니 LED'를 기반으로 빛의 밝기를 기존 4096단계(12비트)에서 4배가량 증가된 1만6384단계(14비트)로 조절해 가까이에서도 픽셀이 두드러지거나 뭉개짐 없는 선명한 영상을 제공한다.또 영상에 있는 사물의 형태와 표면 분석은 물론 광원 형상까지 최적화해 밝고 어두운 곳을 섬세하게 표현해 풍부한 색상과 블랙 디테일을 표현할 수 있다. 이외에도 'AI 컴포트 최적화' 기능으로 주변 밝기에 따라 화면 밝기와 색도를 맞춰주고, 블루라이트를 자동으로 조절해 편안한 시청 경험을 제공한다.성일경 삼성전자 영상디스플레이사업부 부사장은 ""2022년형 Neo QLED 8K는 업계 최고 수준의 해상도와 화질을 가지고 있을 뿐 아니라 소비자에게 최적화된 스마트·게이밍 기능들을 모두 갖춘 제품""이라며 ""프리미엄 TV 시장 확대를 기반으로 17년 연속 TV 시장 1위를 달성할 것""이라고 말했다.발로 뛰는 더팩트는 24시간 여러분의 제보를 기다립니다.▶카카오톡: '더팩트제보' 검색▶이메일: jebo@tf.co.kr▶뉴스 홈페이지: http://talk.tf.co.kr/bbs/report/write
]"
"[삼성전자, 8K 해상도 디지털 작품 전시회 개최]",https://n.news.naver.com/mnews/article/003/0011282908?sid=101,"[
기사내용 요약전국 70개 매장서 'Neo QLED 8K Big Picture in FOR:REST'



[서울=뉴시스] 이인준 기자 = 삼성전자는 오는 8월31일까지 전국 70개 삼성 디지털프라자에서 'Neo QLED 8K Big Picture in FOR:REST' 전시회를 개최한다고 4일 밝혔다.이번 전시회는 국내 미술계와 NFT(Non-Fungible Token) 아트계 유명 작가들의 작품을 8K 화질로 디지털화해 전람한다.국내 유명 작가 15인이 출품한 총 18점의 작품을 2022년형 'Neo QLED 8K'를 통해 더욱 생생하게 감상할 수 있다. 전시명은 8K 초고화질 화면으로 예술 작품을 생생하게 담아 사용자에게 숲(Forest)과 같은 휴식(Rest)을 제공한다는 의미를 담고 있다. 지난 4월 코엑스에서 선보였던 전시를 전국 삼성 디지털프라자에서 더 많은 사람이 즐길 수 있도록 행사를 마련됐다.삼성전자는 전시 동안 Neo QLED 8K 구매 고객에게 티빙 24개월 구독권을 증정한다. 삼성전자는 삼성 디지털프라자 외에도 성수동에 있는 카페 마를리에서 팝업 전시를 진행한다. 팝업 전시는 이날부터 오는 16일까지 진행되며, 8K 화질의 디지털 작품과 원화 작품을 함께 감상할 수 있다.윤태식 삼성전자 한국 총괄 상무는 ""지난 4월 코엑스에서 진행한 전시회에 대한 뜨거운 성원에 힘입어 고객들이 보다 가까이에서 쉽게 찾아갈 수 있는 전국 삼성 디지털프라자에서 다시 한번 전시회를 진행하게 됐다""며 ""Neo QLED 8K를 통해 원화 그 이상의 감동과 예술적 경험을 즐길 수 있기를 바란다""고 말했다.한편 Neo QLED 8K는 '퀀텀 미니 LED'와 최신 화질 기술이 만들어 내는 색 표현, 디테일, 명암비로 입체감까지 느껴지는 완전한 몰입의 경험을 선사한다.
]"
[전국 삼성 디지털프라자서 '디지털 아트'를 만난다],https://n.news.naver.com/mnews/article/001/0013286183?sid=101,"[
삼성전자, '네오 QLED 8K 빅 피처 인 포레스트' 개최



삼성전자 모델이 서울 대치동에 위치한 삼성 디지털프라자 대치본점에서 Neo QLED 8K를 통해 8K 화질의 디지털 작품을 감상하고 있다. 작품은 왼쪽 위부터 시계방향으로 이정록 작가의 'Nabi 30', 김근중 작가의 'Natural Being 843', 정영환 작가의 'Just gazing-resting', 요요진 작가의 'Hug our trees'.[삼성전자 제공. 재판매 및 DB 금지](서울=연합뉴스) 김기훈 기자 = 삼성전자는 전국 70개 삼성 디지털프라자에서 '네오 QLED 8K 빅 피처 인 포레스트'(Neo QLED 8K Big Picture in FOR:REST) 전시회를 연다고 4일 밝혔다.    전시 기간은 이날부터 다음 달 31일까지다.    이번 전시회는 올해 4월 서울 강남구 코엑스에서 선보였던 전시를 더 많은 사람들이 전국 삼성 디지털프라자에서 즐길 수 있도록 하기 위해 마련됐다.    전시명은 8K 초고화질 화면으로 예술 작품을 생생하게 담아 사용자에게 숲(Forest)과 같은 휴식(Rest)을 제공한다는 의미를 담고 있다.    이번 전시회에서는 실험적 미디어 아티스트 한호, '존재(Natural Being)'를 탐구하며 화업을 이어온 김근중, 평화와 사랑의 메시지를 유쾌한 그림으로 전하는 요요진, 한국 산의 고유한 아름다움을 담는 임채욱 등 국내 유명 작가 15인이 출품한 총 18점의 작품을 2022년형 'Neo QLED 8K'를 통해 더 생생하게 감상할 수 있다.    Neo QLED 8K는 '퀀텀 미니 LED'와 함께 최신 화질 기술이 만들어 내는 색 표현, 디테일, 명암비로 입체감까지 느껴지는 완전한 몰입의 경험을 선사한다.    전시가 진행되는 매장에서는 전시 기간 Neo QLED 8K 구매 고객에게 티빙 24개월 구독권을 증정한다.    삼성전자는 삼성 디지털프라자 외에도 서울 성수동에 있는 카페 마를리에서 팝업 전시를 진행한다. 팝업 전시는 이날부터 16일까지 진행되며, 8K 화질의 디지털 작품과 원화 작품을 함께 감상할 수 있다.    kihun@yna.co.kr
]"
"[삼성·LG전자, 이번 주 2분기 잠정 실적 발표…악조건 이겨낼까]",https://n.news.naver.com/mnews/article/003/0011282545?sid=101,"[
기사내용 요약오는 7일 잠정 매출·영업이익 발표 예정급격한 수요 부진 속 시장 전망치 밑돌 듯



[서울=뉴시스] 서울 서초구 삼성전자 서초사옥의 삼성전자 깃발(왼쪽)과 서울 영등포구 LG트윈타워 입구에 설치된 LG 깃발 [서울=뉴시스] 이인준 기자 = 삼성전자와 LG전자가 이번 주 올해 2분기(4~6월) 잠정 실적을 발표한다. 4일 재계에 따르면 삼성전자는 오는 7일 증시 개장 전 매출액과 영업이익 등 2분기 잠정 실적을 발표할 계획이다. 지난 1일 기준 삼성전자의 2분기 실적 전망치 평균(컨센서스)은 매출 77조567억원, 영업이익 14조7483억원 수준이다. 매출액은 전년 63조6716억원보다 21% 늘고, 영업이익도 12조5667억원 대비 17% 늘어날 것으로 예측됐다. 다만 발표일을 앞두고 삼성전자의 2분기 실적이 전망치를 밑돌 것이라는 관측이 커지고 있다. 박성순 케이프투자증권 연구원은 ""대외적인 불확실성 지속으로 컨슈머 중심으로 정보기술(IT) 수요 약세가 이어졌다""며 ""IT 수요의 부진은 메모리 빗그로스(Bit Growth·비트 단위당출하 증가율)에도 부정적인 영향을 끼쳤다""고 분석했다. 삼성전자는 지난해 3분기 73조9800억원으로 역대 최대 매출 기록을 달성한 이래 ▲4분기 76조5700억원 ▲올해 1분기 77조7800억원 순으로 3분기 연속으로 신기록을 달성했으나, 기록 행진은 막을 내릴 전망이다. LG전자도 이번 주 2분기 잠정 실적을 발표할 예정이다.증권가 전망치는 매출 19조3994억원, 영업이익 8664억원 수준이다. 지난해 2분기와 비교해 매출액은 17조1139억원 대비 33%, 영업이익은 8782억원 대비 소폭 감소할 것으로 추정됐다. LG전자는 원자재, 물류비 등 비용 증가에도 세트 사업 출하량 감소에 따라 수익성이 악화된 것으로 추정된다. 보복 소비 수요 둔화와 러시아-우크라이나 전쟁에 따른 유럽 지역 가전 수요 급감 등도 원인으로 지목된다. 다만 전장(자동차 전기장치) 사업의 사실상 첫 흑자 전환이 예상된다. LG전자는 전장을 미래 먹거리로 정해 2013년부터 사업을 시작했으나, 2015년 4분기 50억원의 깜짝 이익을 낸 것을 제외하면 내내 적자를 기록했다. 사실상 9년 만에 이익을 내는 것이다．
]"
[삼성의 희망 '이미지센서'…소니-TSMC 동맹과 격돌],https://n.news.naver.com/mnews/article/215/0001040902?sid=101,"[
			&lt;앵커&gt; 삼성전자 반도체 사업을 얘기할 때 비메모리 분야는 항상 약점으로 꼽힙니다. 이런 가운데 최근 기술력을 바탕으로 사업을 키우고 있는 분야가 있습니다. 바로 시스템반도체 가운데 하나인 이미지센서 이야기입니다. 1위 업체 일본 소니와의 시장점유율 격차를 좁히며 맹추격에 나섰는데요.산업부 정재홍 기자와 구체적인 이야기 나눠보겠습니다. 정 기자. 최근 삼성전자가 새로운 2억 화소 이미지센서를 내놓고 시장점유율을 확대하고 있다고요.&lt;기자&gt; 네. 자세한 설명에 앞서 이미지센서가 무엇인지 간단히 짚어보면요.카메라 렌즈로 들어오는 빛을 디지털 신호로 바꿔서 사진을 찍을 수 있게 만들어 주는 시스템반도체라고 보면 됩니다. 디지털 카메라에 탑재되다가 스마트폰이 등장하면서 시장이 비약적으로 커졌습니다.요즘 갤럭시도 아이폰도 카메라 렌즈 2개~3개는 기본으로 들어가잖아요. 각 렌즈마다 하나의 이미지센서를 가지고 있다는 점에서 그 규모만 전 세계적으로 수십조 원에 달합니다. 자율주행차 적용도 기대되면서 시장이 더 커질 거란 전망입니다.최근 삼성은 새로운 2억 화소 이미지센서를 공개했습니다. 아이소셀 HP3라는 제품인데, 내년 출시될 신작 스마트폰 갤럭시S23 시리즈에 탑재될 것으로 보입니다.&lt;앵커&gt; 얼마 전 중국 스마트폰 업체가 삼성 보다 먼저 2억 화소 카메라를 탑재할 예정이다라는 소식을 들은 적이 있는데요. 중국과의 경쟁이 아니라 일본 소니와의 경쟁이라고요.&lt;기자&gt; 중국 레노버가 인수한 모토로라가 7월, 즉 이달에 2억 화소 카메라를 탑재한 신제품을 출시할 예정입니다.삼성전자는 올 초에 내놓은 갤럭시S22 울트라에 1억800만 화소 카메라가 최고 성능이었습니다. 마치 삼성이 중국 업체에 화소 경쟁에서 밀린 것처럼 보일텐데, 모토로라의 2억 화소 스마트폰은 사실 삼성전자가 지난해 내놓은 아이소셀HP1 이라는 이미지센서를 공급받아 제작하는 겁니다. 삼성전자는 자사 뿐만 아니라 여러 업체에 이미지센서를 공급하고 있습니다. 비메모리 분야에서 희망이라고 할 만 하죠.그런데요. 중국 업체들은 삼성 뿐만 아니라 소니의 이미지센서도 받아 쓰고 있습니다. 소니는 애플 아이폰에 이미지센서를 독점 공급하다시피 하는 전세계 1위 사업자입니다.잠깐 소니의 지난해 실적을 보면요. 반도체 분야는 아예 이미지센서 부문으로 따로 독립돼 있죠. 한 해 1조 엔, 우리돈으로 약 10조 원 정도의 매출을 올립니다.올해 1분기 소니와 삼성전자의 이미지센서 시장 점유율 격차를 보면요. 많이 따라잡긴 했지만 소니가 44.6%, 삼성전자가 28.7%를 각각 차지했습니다. 지난해 4분기에는 격차가 24.5%p 였는데, 1분기에 15.9%p까지 좁혀진 상태입니다.&lt;앵커&gt; 파운드리는 3나노 공정이다 해서 삼성이 기술력으로 TSMC에 승부를 보려고 하잖아요. 이미지센서도 같은 전략으로 추격하겠다는 건가요?&lt;기자&gt; 카메라는 그 구조상 이미지센서가 빛을 많이 받아들일 수 있어야 사진 품질이 좋아집니다. 그렇지만 스마트폰은 제품 크기가 작잖아요. 렌즈는 훨씬 더 작죠. 화소수라고 할 수 있는 픽셀 밀도를 높이면서 센서 자체를 크지 않게 만드는 기술이 중요합니다.삼성전자는 1억800만 화소 센서에는 노나셀이라고 해서 9개 화소를 하나처럼 묶어서 수광량을 늘렸습니다. 이번 2억 화소 센서에는 16개의 픽셀을 묶는 카멜레온셀이라는 기술이 들어갔고, 픽셀 크기 자체도 업계 최소 수준으로 줄였죠.소니도 쿼드 베이어 코딩이라고 해서 4개 픽셀을 묶는 기술을 보유하고 있습니다. 그럼에도 삼성전자가 1억 화소 이상 이미지센서를 먼저 내놓으면서 해당 기술에서는 앞서나가는 모습입니다.물론 화소수가 사진 품질을 모두 결정하진 않습니다. 정교하게 만들지 못 하면 오히려 해상도가 떨어지죠. 소니는 디지털 카메라에 쓰는 1인치 이상 이미지센서를 샤오미에 공급하는 등의 전략으로 대응 중입니다.&lt;앵커&gt; 일본이 한국에 따라잡힌 반도체 패권을 다시 잡기 위해 우리처럼 반도체 육성 집중 전략을 펼치고 있잖아요. 막대한 자금을 투입해 소니와 대만 TSMC와의 동맹도 구축한다고요.&lt;기자&gt; 지금 대만 TSMC가 일본 구마모토현에 파운드리 공장을 짓고 있습니다. 전체 투자 규모가 우리돈으로 10조 원 이상인데, 일본 정부가 약 4조 5천억 원을 보조금으로 투입합니다. 해당 공장은 내후년 12월부터 가동 예정인데요. 최대 고객사가 소니입니다.스마트폰 AP와 다르게 이미지센서는 아주 최신 공정이 필요하진 않아서 해당 공장에 최신 기술을 적용하진 않는 것으로 보입니다.그러나 이미지센서 1위 기업과 파운드리 1위 기업이 손을 잡았다는 점에서 두 분야 모두 추격하는 삼성에게는 부담이라고 볼 수 있습니다.구마모토 공장 건설과 별도로 TSMC는 일본 정부로부터 2천억 원의 자금을 수혈받아 일본 본토에 반도체 연구센터도 짓기로 했습니다. 경쟁자들의 협업이 더 강화되는 거죠. 삼성으로서는 두 거대 공룡을 기술력으로 앞서 나가야 하는 상황입니다.애플이 차기 아이폰에 소니 대신 삼성 이미지센서를 채택할 가능성도 나와서요. 이미지센서 경쟁 구도는 계속 지켜볼 일입니다.&lt;앵커&gt; 네. 잘 들었습니다.
		]"
"[""韓日 협력 관계 새 출발"" 이재용 삼성 부회장, 게이단렌 회장과 회동]",https://n.news.naver.com/mnews/article/629/0000159040?sid=101,"[
교류 활성화·공급망 안정 등 협력 방안 논의



이재용 삼성전자 부회장이 한일재계회의 참석차 방한한 도쿠라 마사카즈 게이단렌 회장과 히가시하라 토시아키 부회장을 만나 협력 방안을 논의했다. 사진은 지난달 18일 유럽 출장을 마치고 귀국한 이재용 부회장이 차량 탑승 전 취재진을 향해 눈인사하는 모습. /이선화 기자이재용 삼성전자 부회장이 도쿠라 마사카즈 일본경제단체연합회(게이단렌) 회장과 히가시하라 토시아키 게이단렌 부회장을 차례로 만나 협력 방안을 논의했다.5일 삼성에 따르면 이재용 부회장은 전날(4일) 한일재계회의 참석차 방한한 도쿠라 회장을 만났다. 1946년 설립된 게이단렌은 일본의 대표적인 기업 1494개가 속한 일본 최대 경제단체로, 한국 전국경제인연합회와 함께 1983년부터 한일재계회의를 열고 있다. 올해 한일재계회의는 양국 관계 악화, 코로나19 확산 등으로 3년 만에 개최됐다.이재용 부회장과 도쿠라 회장은 한일 기업 간의 교류 활성화와 공급망 안정을 위한 협력 방안 등을 논의한 것으로 알려졌다. 재계에서는 이번 이재용 부회장과 도쿠라 회장의 만남을 놓고 민간 차원의 새로운 한일 협력 관계 구축의 출발점이 될 것이라는 의견이 나온다.이재용 부회장은 이날 히가시하라 부회장과도 오찬 회동을 가졌다. 양사 간 반도체 분야 협력 방안에 대해 논의했다.일본 게이오대에서 유학해 일본어에 능통한 이재용 부회장은 그동안 일본 재계와 활발하게 교류해왔다. 2019년 7월 일본의 소재·부품 수출 규제 당시 일본으로 출장을 떠나 규제 품목 물량을 확보했으며, 같은 해 9월에는 일본 재계로부터 초청을 받아 도쿄에서 열린 '2019 일본 럭비 월드컵' 개회식·개막전을 참관했다.손정의(마사요시 손) 소프트뱅크 회장과도 두터운 친분을 유지하고 있다. 2013년, 2014년 한국을 방문할 때마다 이재용 부회장과 만난 손정의 회장은 2019년에도 이재용 부회장을 재차 만나 4차 산업혁명의 기반이 되는 차세대 통신 및 사물인터넷 등에 대해 전략적인 협력 방안을 논의했다.이재용 부회장은 일본 통신 업계에도 꾸준히 공을 들여왔다. 삼성전자가 NTT도코모, KDDI 등 일본 1, 2위 통신사업자에게 5G 네트워크 장비를 공급하게 된 것도 이재용 부회장의 일본 내 인맥이 크게 기여했다는 평가다.발로 뛰는 더팩트는 24시간 여러분의 제보를 기다립니다.▶카카오톡: '더팩트제보' 검색▶이메일: jebo@tf.co.kr▶뉴스 홈페이지: http://talk.tf.co.kr/bbs/report/write
]"
[삼성의 희망 '이미지센서'…소니-TSMC 동맹과 격돌],https://n.news.naver.com/mnews/article/215/0001040902?sid=101,"[
			&lt;앵커&gt; 삼성전자 반도체 사업을 얘기할 때 비메모리 분야는 항상 약점으로 꼽힙니다. 이런 가운데 최근 기술력을 바탕으로 사업을 키우고 있는 분야가 있습니다. 바로 시스템반도체 가운데 하나인 이미지센서 이야기입니다. 1위 업체 일본 소니와의 시장점유율 격차를 좁히며 맹추격에 나섰는데요.산업부 정재홍 기자와 구체적인 이야기 나눠보겠습니다. 정 기자. 최근 삼성전자가 새로운 2억 화소 이미지센서를 내놓고 시장점유율을 확대하고 있다고요.&lt;기자&gt; 네. 자세한 설명에 앞서 이미지센서가 무엇인지 간단히 짚어보면요.카메라 렌즈로 들어오는 빛을 디지털 신호로 바꿔서 사진을 찍을 수 있게 만들어 주는 시스템반도체라고 보면 됩니다. 디지털 카메라에 탑재되다가 스마트폰이 등장하면서 시장이 비약적으로 커졌습니다.요즘 갤럭시도 아이폰도 카메라 렌즈 2개~3개는 기본으로 들어가잖아요. 각 렌즈마다 하나의 이미지센서를 가지고 있다는 점에서 그 규모만 전 세계적으로 수십조 원에 달합니다. 자율주행차 적용도 기대되면서 시장이 더 커질 거란 전망입니다.최근 삼성은 새로운 2억 화소 이미지센서를 공개했습니다. 아이소셀 HP3라는 제품인데, 내년 출시될 신작 스마트폰 갤럭시S23 시리즈에 탑재될 것으로 보입니다.&lt;앵커&gt; 얼마 전 중국 스마트폰 업체가 삼성 보다 먼저 2억 화소 카메라를 탑재할 예정이다라는 소식을 들은 적이 있는데요. 중국과의 경쟁이 아니라 일본 소니와의 경쟁이라고요.&lt;기자&gt; 중국 레노버가 인수한 모토로라가 7월, 즉 이달에 2억 화소 카메라를 탑재한 신제품을 출시할 예정입니다.삼성전자는 올 초에 내놓은 갤럭시S22 울트라에 1억800만 화소 카메라가 최고 성능이었습니다. 마치 삼성이 중국 업체에 화소 경쟁에서 밀린 것처럼 보일텐데, 모토로라의 2억 화소 스마트폰은 사실 삼성전자가 지난해 내놓은 아이소셀HP1 이라는 이미지센서를 공급받아 제작하는 겁니다. 삼성전자는 자사 뿐만 아니라 여러 업체에 이미지센서를 공급하고 있습니다. 비메모리 분야에서 희망이라고 할 만 하죠.그런데요. 중국 업체들은 삼성 뿐만 아니라 소니의 이미지센서도 받아 쓰고 있습니다. 소니는 애플 아이폰에 이미지센서를 독점 공급하다시피 하는 전세계 1위 사업자입니다.잠깐 소니의 지난해 실적을 보면요. 반도체 분야는 아예 이미지센서 부문으로 따로 독립돼 있죠. 한 해 1조 엔, 우리돈으로 약 10조 원 정도의 매출을 올립니다.올해 1분기 소니와 삼성전자의 이미지센서 시장 점유율 격차를 보면요. 많이 따라잡긴 했지만 소니가 44.6%, 삼성전자가 28.7%를 각각 차지했습니다. 지난해 4분기에는 격차가 24.5%p 였는데, 1분기에 15.9%p까지 좁혀진 상태입니다.&lt;앵커&gt; 파운드리는 3나노 공정이다 해서 삼성이 기술력으로 TSMC에 승부를 보려고 하잖아요. 이미지센서도 같은 전략으로 추격하겠다는 건가요?&lt;기자&gt; 카메라는 그 구조상 이미지센서가 빛을 많이 받아들일 수 있어야 사진 품질이 좋아집니다. 그렇지만 스마트폰은 제품 크기가 작잖아요. 렌즈는 훨씬 더 작죠. 화소수라고 할 수 있는 픽셀 밀도를 높이면서 센서 자체를 크지 않게 만드는 기술이 중요합니다.삼성전자는 1억800만 화소 센서에는 노나셀이라고 해서 9개 화소를 하나처럼 묶어서 수광량을 늘렸습니다. 이번 2억 화소 센서에는 16개의 픽셀을 묶는 카멜레온셀이라는 기술이 들어갔고, 픽셀 크기 자체도 업계 최소 수준으로 줄였죠.소니도 쿼드 베이어 코딩이라고 해서 4개 픽셀을 묶는 기술을 보유하고 있습니다. 그럼에도 삼성전자가 1억 화소 이상 이미지센서를 먼저 내놓으면서 해당 기술에서는 앞서나가는 모습입니다.물론 화소수가 사진 품질을 모두 결정하진 않습니다. 정교하게 만들지 못 하면 오히려 해상도가 떨어지죠. 소니는 디지털 카메라에 쓰는 1인치 이상 이미지센서를 샤오미에 공급하는 등의 전략으로 대응 중입니다.&lt;앵커&gt; 일본이 한국에 따라잡힌 반도체 패권을 다시 잡기 위해 우리처럼 반도체 육성 집중 전략을 펼치고 있잖아요. 막대한 자금을 투입해 소니와 대만 TSMC와의 동맹도 구축한다고요.&lt;기자&gt; 지금 대만 TSMC가 일본 구마모토현에 파운드리 공장을 짓고 있습니다. 전체 투자 규모가 우리돈으로 10조 원 이상인데, 일본 정부가 약 4조 5천억 원을 보조금으로 투입합니다. 해당 공장은 내후년 12월부터 가동 예정인데요. 최대 고객사가 소니입니다.스마트폰 AP와 다르게 이미지센서는 아주 최신 공정이 필요하진 않아서 해당 공장에 최신 기술을 적용하진 않는 것으로 보입니다.그러나 이미지센서 1위 기업과 파운드리 1위 기업이 손을 잡았다는 점에서 두 분야 모두 추격하는 삼성에게는 부담이라고 볼 수 있습니다.구마모토 공장 건설과 별도로 TSMC는 일본 정부로부터 2천억 원의 자금을 수혈받아 일본 본토에 반도체 연구센터도 짓기로 했습니다. 경쟁자들의 협업이 더 강화되는 거죠. 삼성으로서는 두 거대 공룡을 기술력으로 앞서 나가야 하는 상황입니다.애플이 차기 아이폰에 소니 대신 삼성 이미지센서를 채택할 가능성도 나와서요. 이미지센서 경쟁 구도는 계속 지켜볼 일입니다.&lt;앵커&gt; 네. 잘 들었습니다.
		]"
[삼성 '플립4' vs 애플 '아이폰14' 여름 대전 예고],https://n.news.naver.com/mnews/article/003/0011285071?sid=105,"[
기사내용 요약삼성, 8월10일 갤럭시 Z 폴드4·플립4 언팩 행사 전망폴더블 신작, 기존 단점 없앤다…배터리·화면 주름 등 개선아이폰14 시리즈 9월13일 공개 유력…'M자 탈모' 노치 제거스마트폰 시장, 상반기 내내 침체…양사 신작으로 활성 기대



갤럭시 Z 플립4 예상 이미지. (사진=IT팁스터 '스티브 맥플라이' 트위터 캡처)  *재판매 및 DB 금지[서울=뉴시스]윤현성 기자 = 삼성전자와 애플이 하반기 플래그십 스마트폰 출시가 눈앞으로 다가오면서 출시 일정의 윤곽이 서서히 드러나고 있다. 지난 2분기를 기점으로 글로벌 스마트폰 시장이 불황의 늪에 빠져든 가운데, 프리머엄폰 시장을 대표하는 양사 신병기가 시장 반등을 이끌어낼 수 있을 지 주목된다.5일 업계에 따르면 삼성전자는 오는 8월, 애플은 오는 9월 하반기 신제품을 공개할 것으로 전망되고 있다. 삼성전자는 글로벌 시장에서 절대 우위를 점하고 있는 폴더블폰, 애플은 전통적인 바(bar) 형태의 아이폰 신제품을 선보인다.삼성, 8월10일 폴드·플립4 언팩 전망…전작 단점 대폭 개선되나]"
"[[특징주] 삼성전자·SK하이닉스, 또다시 52주 신저가 추락]",https://n.news.naver.com/mnews/article/001/0013286226?sid=101,"[




삼성전자 SK하이닉스 (CG)[연합뉴스TV 제공]    (서울=연합뉴스) 김아람 기자 = 삼성전자와 SK하이닉스가 4일 오전 재차 52주 신저가를 경신했다.    이날 오전 9시 5분 현재 유가증권시장에서 삼성전자는 전 거래일보다 0.53% 내린 5만5천900원에 거래 중이다.    SK하이닉스도 전날보다 1.14% 내린 8만6천500원에 거래됐다.    개장 직후 삼성전자는 5만5천700원, SK하이닉스는 8만6천300원까지 낙폭을 키워 이틀 연속 52주 신저가를 새로 썼다.    최근 반도체 업황 우려가 확산하면서 두 종목 주가는 하락세를 이어왔다.    rice@yna.co.kr
]"
[전국 삼성 디지털프라자서 '디지털 아트'를 만난다],https://n.news.naver.com/mnews/article/001/0013286183?sid=101,"[
삼성전자, '네오 QLED 8K 빅 피처 인 포레스트' 개최



삼성전자 모델이 서울 대치동에 위치한 삼성 디지털프라자 대치본점에서 Neo QLED 8K를 통해 8K 화질의 디지털 작품을 감상하고 있다. 작품은 왼쪽 위부터 시계방향으로 이정록 작가의 'Nabi 30', 김근중 작가의 'Natural Being 843', 정영환 작가의 'Just gazing-resting', 요요진 작가의 'Hug our trees'.[삼성전자 제공. 재판매 및 DB 금지](서울=연합뉴스) 김기훈 기자 = 삼성전자는 전국 70개 삼성 디지털프라자에서 '네오 QLED 8K 빅 피처 인 포레스트'(Neo QLED 8K Big Picture in FOR:REST) 전시회를 연다고 4일 밝혔다.    전시 기간은 이날부터 다음 달 31일까지다.    이번 전시회는 올해 4월 서울 강남구 코엑스에서 선보였던 전시를 더 많은 사람들이 전국 삼성 디지털프라자에서 즐길 수 있도록 하기 위해 마련됐다.    전시명은 8K 초고화질 화면으로 예술 작품을 생생하게 담아 사용자에게 숲(Forest)과 같은 휴식(Rest)을 제공한다는 의미를 담고 있다.    이번 전시회에서는 실험적 미디어 아티스트 한호, '존재(Natural Being)'를 탐구하며 화업을 이어온 김근중, 평화와 사랑의 메시지를 유쾌한 그림으로 전하는 요요진, 한국 산의 고유한 아름다움을 담는 임채욱 등 국내 유명 작가 15인이 출품한 총 18점의 작품을 2022년형 'Neo QLED 8K'를 통해 더 생생하게 감상할 수 있다.    Neo QLED 8K는 '퀀텀 미니 LED'와 함께 최신 화질 기술이 만들어 내는 색 표현, 디테일, 명암비로 입체감까지 느껴지는 완전한 몰입의 경험을 선사한다.    전시가 진행되는 매장에서는 전시 기간 Neo QLED 8K 구매 고객에게 티빙 24개월 구독권을 증정한다.    삼성전자는 삼성 디지털프라자 외에도 서울 성수동에 있는 카페 마를리에서 팝업 전시를 진행한다. 팝업 전시는 이날부터 16일까지 진행되며, 8K 화질의 디지털 작품과 원화 작품을 함께 감상할 수 있다.    kihun@yna.co.kr
]"
"[삼성, 진짜 큰일날 뻔…버리려던 ‘이것’ 놀라운 일이]",https://n.news.naver.com/mnews/article/016/0002011889?sid=105,"[




삼성전자 ‘갤럭시S22 울트라’. [삼성전자 유튜브 캡처][헤럴드경제=박혜림 기자] “단종했으면 큰일날 뻔… 삼성 ‘갤럭시노트’ 역대급 흥행.”단종될 위기에 처했다가 ‘갤럭시S 시리즈’로 새롭게 부활한 삼성전자의 하반기 플래그십 모델 ‘갤럭시 노트’가 올해 역대급 판매량을 기록할 전망이다. 출시 첫해에만 1100만대가량 팔릴 것으로 보인다. 이는 기존에 가장 많은 판매량을 올렸던 ‘갤럭시노트3’와 맞먹는 성적이다.5일 유명 IT팁스터(정보유출가) 아이스유니버스에 따르면 갤럭시S22울트라의 출시 첫해 판매량이 1090만대에 달할 것으로 예상된다.역대 출시된 갤럭시노트 모델 가운데서도 손에 꼽히는 수치다. 시장조사업체 스트래티지애널리틱스(SA) 및 업계에 따르면 역대 갤럭시노트 시리즈의 판매 대수는 ▷갤럭시노트 1000만대 ▷갤럭시노트2 850만대 ▷갤럭시노트3 1200만대 ▷갤럭시노트4 800만대 ▷갤럭시노트5 850만대 ▷갤럭시노트8 1030만대 ▷갤럭시노트9 960만대 ▷갤럭시노트10 95만대 ▷갤럭시노트20 750만대 등이었다. 기존에 가장 많은 판매량을 기록했던 모델은 지난 2013년 출시된 갤럭시노트3로, 출시 2개월 만에 판매량 1000만대를 돌파한 바 있다.



삼성전자 ‘갤럭시S22 울트라’. [삼성전자 유튜브 캡처]올해 처음 갤럭시S22 울트라로 출시된 신형 갤럭시노트는 출시와 함께 큰 인기를 모았다. 시장조사업체 카운터포인트리서치에 따르면 갤럭시S22 시리즈의 미국 시장 초기 3주간 판매량이 전작 대비 60% 증가한 가운데 갤럭시S22 울트라가 전체의 64% 비중을 차지한 것으로 나타났다. 국내에서도 올해 1분기 가장 많이 판매된 모델 1위에 올랐다.앞서 갤럭시노트 시리즈는 지난해 끊임없는 단종설에 시달려왔다. 지난해 8월 유명 IT팁스터 프론트 트론이 자신의 트위터에 “노트 팬에게는 미안하지만 노트는 죽었다”면서 노트 시리즈의 단종설에 불을 붙였고, 아이스유니버스도 갤럭시 시리즈 상표권 갱신 페이지를 캡처해 올리며 갤럭시노트 단종설에 쐐기를 박았다. 실제로 당시 아이스유니버스가 게재한 상표권 갱신 페이지에는 ▷플래그십 라인업인 갤럭시S ▷폴더블 라인업인 갤럭시Z ▷보급형 라인업인 갤럭시M ▷중급형 라인업인 갤럭시A시리즈에 대한 상표만 갱신됐을 뿐, 노트 라인업이 완전히 빠져 있었다.하지만 삼성전자는 올해 2월 갤럭시노트를 갤럭시S 울트라로 편입시키며 단종설에 마침표를 찍었다.
]"
[반도체 장비 받는데 '2년 6개월' 걸린다…속타는 삼성·SK],https://n.news.naver.com/mnews/article/015/0004720317?sid=105,"[
장비 리드타임 최대 30개월까지 늘어나삼성전자 등 시설투자 이미 차질 빚는 중""장비 국산화가 갈수록 중요해지는 추세""



유럽 출장길에 오르는 이재용 삼성전자 부회장이 7일 서울 강서구 서울김포비즈니스항공센터(SGBAC)를 통해 출국하고 있다. 2022.6.7 [사진=연합뉴스]반도체 업계의 장비난이 갈수록 심화하고 있다. 삼성전자, SK하이닉스 등 국내 업체는 물론이고 대만 TSMC와 미국 인텔, 중국 반도체 업체들까지 공장 증설에 박차를 가하면서 생겨난 현상이다. 일부 장비의 경우 최대 2년 6개월가량 기다려야 받을 수 있는 것으로 알려졌다.이처럼 반도체 장비 수급이 반도체 업체들의 장·단기 전략 수립에 상당한 변수로 작용할 가능성이 높아 불확실성이 커지고 있다는 분석이 나온다.반도체 장비 리드타임 점점 길어져5일 글로벌 시장조사업체 트렌드포스에 따르면 ASML, 램리서치, 어플라이드머티리얼즈 등이 제조하는 반도체 장비 리드타임(제품을 생산해 배송하는 데까지 걸리는 기간)이 최근 18개월에서 30개월까지 늘어났다. 올 초(12~18개월)보다 상황이 더 악화했고 코로나19(신종 코로나바이러스 감염증) 이전(3~6개월)과 비교하면 최대 10배 차이까지 난다.리드타임이 이처럼 길어진 이유는 반도체 업체들의 시설 투자 증가로 주문이 급증해서다. 지난해 전 세계 반도체 장비 시장 규모는 전년보다 40% 넘게 성장한 125조원을 기록했다. 전 세계 반도체 업체들이 신규 공장 증설이나 보강 투자를 위해 발주한 장비 양이 증가했다는 얘기다.러시아-우크라이나 전쟁, 코로나19에 따른 도시 봉쇄 등의 영향도 반도체 장비 생산 지연을 가중시킨 것으로 파악됐다.특히 인텔이 파운드리(반도체 위탁생산)에 가세하면서 시장에 공급할 반도체 장비가 부족해졌다는 분석이다. 반도체 공장 초기 투자는 부지와 건물을 제외하면 대부분 장비 도입 비용이 차지한다. 생산라인에 따라 차이가 있지만 반도체 장비 비중이 80~90%에 달한다. 인텔의 천문학적 반도체 제조·연구개발(R&amp;D) 투자 비용 중 상당 부분이 반도체 장비 도입에 쓰일 전망이다.인텔은 지난해 미국 애리조나 공장 확장에 200억달러(한화 약 25조9300억원), 지난달 미국 오하이오주 공장 구축에 200억달러, 유럽에 330억유로(약 44조6700억원) 규모를 초기 인프라 구축에 쏟는다고 밝혔다.이같은 인텔의 공격적 반도체 제조 인프라 투자는 글로벌 소재·부품·장비(소부장) 공급망에 미치는 여파가 상당하다. 소부장 기업에는 삼성전자와 TSMC에 견줄 대형 고객사가 나타나 신규 시장 창출 기회가 됐지만 리드타임 지연으로 인한 반도체 공급난이 가중된 것이다.심자외선 노광장비 공급난 심해반도체 장비 중 가장 심하게 공급난을 겪는 품목은 심자외선(DUV·deep-ultraviolet) 노광장비다. DUV 장비는 빛을 이용해 웨이퍼에 전자회로를 새기는 역할을 한다. 첨단 반도체 장비로 불리는 극자외선(EUV·Extreme ultraviolet) 장비의 구형 버전이다.



네덜란드 ASML의 심자외선(DUV) 장비인 '트윈스캔 NXT: 2050i' [사진=ASML 홈페이지]DUV 장비가 부족해진 건 수년 사이 중국 업체가 DUV 장비 매입에 적극 나선 영향이 크다. 미국 주도로 중국 업체들의 EUV 장비 도입이 금지되면서 이들이 첨단 공정 경쟁에서 구식 공정 개발로 눈을 돌려서다. 연간 생산량이 50대 수준에 불과해 상시적 공급난을 겪고 있는 EUV 장비는 물론 증착(CVD·PVD) 장비와 에칭 장비 등도 부족한 상황이 이어지고 있다.국내 업체들이 강세를 보이는 메모리반도체에서는 생산능력의 90% 이상이 DUV 공정을 채택하고 있다. 파운드리에서도 5나노 이하의 최첨단공정이 아닌 구공정은 대부분 DUV 장비를 활용하고 있다.트렌드포스는 ""기존에는 글로벌 파운드리 생산량이 2022년과 2023년 각각 13%, 10%씩 성장할 것으로 봤다. 하지만 반도체 장비 인도 지연을 고려하면 성장률이 8%대로 떨어질 것""이라며 전망치를 조정했다.실제로 반도체 장비 도입 지연으로 올해 국내 업체들의 시설 투자는 이미 차질을 빚고 있다. 삼성전자 분기보고서에 따르면 이 회사는 올 1분기(1~3월) 6조6599억원을 반도체 설비 등에 투자해 전년 동기(8조4828억원) 대비 20.5% 감소했다. SK하이닉스도 같은 기간 시설투자가 4조3510억원에서 4조6930억원으로 7.9% 늘어나는 데 그쳤다. 장비 확보에 어려움이 생겨 적기에 자금 집행이 이뤄지지 않고 있는 상황으로 추정된다. 트렌드포스는 ""(장비 인도 지연으로) 반도체 확장 계획은 약 2~9개월 동안 지연될 것""이라고 말했다.WSJ ""장비 부족 현상…생산 차질로 이어질 것""외신들도 반도체 장비 부족 현상을 조망하고 있다. 미국 월스트리트저널(WSJ)은 최근 세계적인 반도체 장비 부족 현상이 첨단 반도체 생산 차질로 이어질 것이라고 전망했다. 장비가 부족해져 수율에 차질이 빚어지고 납품기일을 지킬 수 없을 거라는 관측이 나온 것. 이에 따른 2024년 이후 첨단 반도체 공급 부족률은 최대 20%에 달할 것이라고 지적했다.지난 4월에도 일본 니혼게이자이신문(닛케이)은 ""전례 없는 부품 부족 현상이 장비 산업을 넘어 반도체 업계 전체를 강타했다""며 ""삼성전자와 TSMC 등이 장비 공급 문제를 해결하기 위해 고위 경영진을 해외로 파견하고 있지만 뾰족한 방법을 찾지 못하는 상황""이라고 보도한 바 있다.



이재용 삼성전자 부회장(오른쪽 두 번째)이 14일(현지시간) 네덜란드 에인트호번에 위치한 ASML 본사에서 피터 베닝크 ASML CEO, 마틴 반 덴 브링크 ASML CTO 등과 반도체 장비를 점검하고 있다. 2022.6.15 [사진=삼성전자]지난달 2년 만에 유럽 출장을 떠났던 이재용 삼성전자 부회장이 노광장비 전문 업체인 네덜란드 ASML 본사를 방문해 EUV 등의 원활한 조달 방안 등을 논의한 이유도 여기에 있다. 첨단 공정에 필수적인 EUV 장비를 두고 TSMC, 인텔 등과 경쟁해야 하고 DUV 장비의 경우 중국 업체들의 물량 저가 공세를 이겨내야 하는 상황을 타개하기 위한 방책이다.이 부회장은 유럽 출장에서 귀국해 ASML 방문 사실을 언급하면서 ""가장 중요한 일정""이었다고 강조했다. TSMC 역시 위기를 감지하고 협력사들에 생산 장비 확보를 근거로 들어 2023~2024년에 생산량을 필요한 만큼 빠르게 늘리지 못할 수 있다고 공지했다.IT 컨설팅업체 IBS의 핸들 존스 최고경영자(CEO)는 생산장비 부족이 2·3나노 공정 칩 생산에 미치는 영향이 상당할 것이라고 예측했다. 2024년과 2025년에 이들 제품의 공급 부족률이 10∼20%에 이를 수 있다고 추산했다. 퀄컴은 일부 반도체 생산업체가 일방적으로 공급량 축소를 시도했다고 언급하기도 했다.업계 관계자는 ""아직 크게 우려할 상황은 아니지만 리드타임이 점점 길어지고 있어 예의 주시 중""이라며 ""반도체 장비 국산화가 갈수록 중요해지고 있다. 완성 업체뿐만 아니라 장비 업체 등 반도체 생태계 전반에 대한 정부 차원의 지원과 관심이 필수""라고 말했다.
]"
"[삼성리서치아메리카, ATSC '버나드 레크너 상' 수상]",https://n.news.naver.com/mnews/article/003/0011286994?sid=101,"[
기사내용 요약삼성전자 DX부문 선행 연구개발 조직 SRA 소속 연구원 삼성 최초 미국텔레비전규격위원회 최고 기술상 수상



[서울=뉴시스] 삼성리서치아메리카 표준모빌리티혁신랩(Standards and Mobility Innovation Lab) 임영권 연구원. (사진=삼성전자 뉴스룸) 2022.07.05. photo@newsis.com *재판매 및 DB 금지[서울=뉴시스]동효정 기자 = 삼성리서치 아메리카(SRA) 소속 연구원이 미국텔레비전규격위원회 최고 기술상인 '버나드 레크너상'을 수상했다. 지난 2000년 상이 제정된  이후 삼성전자 연구원이 이 상을 받은 것은 처음이다.5일 삼성전자는 뉴스룸을 통해 SRA 표준 모빌리티 혁신 랩(Standards and Mobility Innovation Lab)의 임영권 연구원이 미국텔레비전규격위원회(The Advanced Television Systems Committee Inc., 이하 ATSC)의 최고 기술상인 '버나드 레크너상'을 수상했다고 밝혔다. SRA는 삼성전자 DX(Device eXperience) 부문의 선행 연구개발 조직이다. 임 연구원의 이번 수상으로 방송 산업의 끊임없는 성장을 위한 차세대 표준 개발에 삼성의 기술 리더십과 지원 노력이 다시 한번 입증됐다는 평가다.ATSC는 디지털 방송 규격과 기술 표준을 제정하는 비영리 국제 표준화 위원회다. 전 세계 방송, 방송 장비, 영화, 가전 제품, 컴퓨터, 케이블, 위성, 반도체 업계를 대표하는 100개 이상의 기업이 회원사로 활동하고 있다. 버나드 레크너상 기술적 기여가 큰 전문가 1인에게 매년 1회 수여되는 상이다.임 연구원은 ATSC 산하 프로토콜 운영 전문가 그룹(Specialist Group on Management and Protocols) S33이 설립됐을 때부터 의장을 역임한 인물이다. 인터넷 프로토콜을 이용한 멀티미디어 전송 기술인 MPEG, MMT(MPEG Media Transport) 등을 개발·제안하는 등 디지털TV 방송 표준 규격인 'ATSC 3.0' 기술 개발에 큰 기여를 했다는 평가를 받는다. 매들린 놀랜드 ATSC 회장은 ""ATSC 3.0 표준 개발이라는 중요한 과제에서 보여준 리더십에 감사를 표한다""며 ""여러 표준 제정 기구에서 활동한 연구원의 경험을 기반으로 한 외부 표준 기관과의 신속한 협력이 이번 통합 표준을 만드는데 큰 도움이 됐다""고 말했다. 한편 ATSC가 최근 개발한 ATSC 3.0은 현재 미국과 한국에서 사용되고 있다 브라질과 자메이카에서는 차세대 방송 표준으로 채택됐다.
]"
[서울중앙지검 공조부 대폭 축소…삼성웰스토리 수사 방향 바뀌나],https://n.news.naver.com/mnews/article/366/0000825513?sid=102,"[
송경호 지검장, 삼성 부당 내부거래 수사 두고 질책경영권 승계 의혹 수사 브레이크 거나



경기 성남 분당구 삼성웰스토리 본사의 모습. /뉴스1        기업의 내부 거래나 입찰 담합 등을 수사하는 서울중앙지검의 공정거래조사부가 대폭 축소된 가운데, 삼성그룹의 계열사 일감 몰아주기 의혹 사건의 수사 방향이 달라지는 것 아니냐는 분석이 나온다.당초 공정거래위원회가 고발할 당시 이재용 삼성전자 부회장의 경영권 승계와 연결짓는 것은 무리라는 전망이 나온 바 있다. 이 때문에 새로 꾸려진 수사팀이 웰스토리 사건을 원점에서부터 다시 들여다볼 가능성도 조심스럽게 흘러나온다.5일 법조계에 따르면 중앙지검은 최근 사무 분담을 거쳐 공정거래 사건을 수사하는 공조부 인원을 7명으로 대폭 축소했다. 중앙지검이 지난 3월 검사 15명(직제 13명, 파견 2명)의 매머드급 부서로 확대 개편한 지 3개월 만이다.공조부 규모가 대폭 축소된 것은 그간 수사 성과가 부진한 데 따른 것으로 보인다. 공조부는 삼성웰스토리의 부당 내부 거래 의혹을 수사하는 과정에서 한 차례 압수수색 영장을 기각당한 바 있다. 더군다나 기업이 이례적으로 검찰 압수수색을 문제삼으며 준항고를 제기하기도 했다.앞서 공조부 확대 개편 당시 검찰 안팎에서는 “대장동 수사에 대한 비판을 무마하기 위해 드라이브를 건 것 아니냐”는 지적이 나왔다. 공정위 고발이 지난해 6월 이뤄진 뒤 9개월이 지나서야 갑자기 수사에 속도를 내는 것을 두고 의도가 있는 것 아니냐는 비판이다.송경호 중앙지검장도 취임 이후 삼성그룹 수사를 두고 공조부 전임 부장을 강하게 질책한 것으로 알려졌다. 검찰 내부에서는 송 지검장과 고형곤 4차장검사가 웰스토리 사건에 대한 업무 보고를 받은 뒤 ‘크게 다룰 건 아니다’라는데 공감대를 형성했다는 이야기가 나온다. 공조부 인원을 대폭 줄인 것도 이와 무관하지 않다는 분석이 나온다.이 때문에 삼성그룹의 사내 급식 물량을 웰스토리에 몰아준 과정과 이재용 삼성전자 부회장의 경영권 승계 의혹의 관련성을 집중적으로 살펴볼 예정이던 검찰 수사가 바뀔 것이라는 전망이 나온다. 법조계에서도 임직원들의 복리 후생을 위한 경영 활동을 총수의 경영권 승계 문제로 연결하는 것은 무리라고 지적한 바 있다.공정거래위원회의 검찰 고발 당시 삼성 측은 “당시 경영진이 언급한 것은 ‘최상의 식사를 제공하라’, ‘식사 품질을 향상하라’, ‘직원 불만이 없도록 하라’는 것이고, 회사로서도 양질의 식사를 제공하기 위해 최선을 다한 것”이라고 반박했다.공정거래 사건을 주로 담당하는 한 변호사는 “기업 수사에 드라이브를 걸며 확대 개편한 공조부가 다시 축소한 데는 웰스토리 사건을 경영권 승계로 연결짓기 어렵다는 의도가 깔린 것으로 보인다”며 “심지어 압수수색이 위법하다며 준항고까지 제기된 상태라 수사팀 입장에서는 위축되는 측면도 있어 강도 높은 수사가 이뤄지기는 힘들 것 같다”고 설명했다.현재 검찰은 경기 수원시 삼성전자 본사와 경기 성남시 웰스토리 본사에 대한 압수수색을 통해 확보한 사내 급식 운영·위탁 관련 이메일과 전자문서를 선별·분석하고 있다. 이후 검찰은 웰스토리 직원들을 통해 삼성전자와 웰스토리 간 급식 계약 체결 경위를 확인할 예정이다.다만 윤석열 사단 막내이자 특수 수사 전문가로 꼽히는 이정섭 부장검사가 공조부를 이끌게 되면서 단순 내부 거래 정도로 사건을 마무리 짓지는 않을 것이라는 전망도 있다. 수도권의 한 부장검사는 “검사 시절부터 공정거래 사건의 중요성을 강조한 윤 대통령 측근이 공조부장으로 부임한 것”이라며 “기대 이상의 결과를 내놓을 수 있다”고 평가했다.
]"
"['삼성 출신' 꼬리표 → ""역시 다르다"" 반전…대박 난 회사 [김병근의 남다른中企]]",https://n.news.naver.com/mnews/article/015/0004720397?sid=101,"[
에스텍시스템, 22년 연속 실적 신기록



에스텍시스템 직원들이 분야별 전문교육을 받고 있다.'삼성 출신'이라는 꼬리표가 되레 독이 됐다. 찾아가는 곳마다 삼성 계열사를 제외한 기업들과 일한 사례를 요구하기 일쑤였다. ""그 1호 사례를 만들려고 왔다""는 말엔 손사래를 칠 뿐이었다. 천신만고 끝에 외국계 기업 한 곳을 고객으로 확보하면서 가까스로 물꼬가 터졌다. '역시 삼성은 다르다'는 평가가 이내 입소문을 타기 시작했고 곳곳에서 연락이 이어졌다. 국내 1위 유인경비 전문기업 에스텍시스템 얘기다.  이병화 에스텍시스템 대표는 ""'잘한다'는 눈높이에 맞춰 임직원들이 최선을 다해준 덕분에 '명품' 반열에 올랐다""며 ""병원, 호텔, 유통, 식음료, 기업체 사옥 및 제조현장 등 진출하지 않은 분야를 찾기 힘들다""고 5일 밝혔다.  에스텍시스템은 1999년 삼성그룹 보안 계열사 에스원에서 분사해 100% 종업원지주회사로 출범한 유인경비 전문업체다. 유인경비는 훈련된 전문요원이 각종 위험으로부터 고객의 생명과 재산을 보호하는 기능을 말한다. 이 기능을 인정받으면서 독립 당시 400억원이었던 매출이 지난해 7800억원으로 불어났다. 독립 이래 작년까지 22년간 쉬지 않고 역대 최고 매출을 갈아치웠다. 올해 매출액 예상치는 8600억원으로 23년 연속 매출 신기록 경신을 앞두고 있다.  



이병화 에스텍시스템 대표가 이달 말 선보일 공기청정살균기를 소개하고 있다.실적 개선은 유인경비가 끌고 시설관리가 밀고 있다. 국내 업종별 대표기업 대부분이 고객인 가운데 올해에도 연세대학교 국제캠퍼스, 시그니엘 레지던스 서울, KB손해보험 사옥 등 신규 고객이 지속적으로 추가되고 있다. 이 대표는 ""보통 1년마다 재계약 하는 게 업계 관행인데 저희는 거의 항상 자동 연장되고 새로 찾아오는 고객도 끊이지 않는다""고 했다. 2000년대 중반 뛰어든 시설관리업은 매해 20% 넘는 빠른 성장세를 보이고 있고 소방사업도 알짜다. 베트남에 있는 삼성전자와 LG전자 공장에는 모두 에스텍시스템의 청정 소화 약제 배포 시스템이 적용돼 있다. 그는 ""화려하진 않지만 반드시 필요한 일을 남다른 정성으로 처리하는 게 경쟁력""이라고 강조했다.  최근 눈에 띄는 성장세를 보이는 또 다른 분야는 방역·방제 사업이다. 2015년 건물 내 해충 및 질병 확산을 막기 위한 종합 솔루션 브랜드 '새니텍'을 선보인 이래 코로나19가 터지면서 수요가 급신장했다. 기존 고객들로부터 실력을 인정받으면서 이 시장 지배력도 빠르게 커지고 있다는 평가다. 최근 2년 계약 체결 건수만 삼성전자 수원·기흥·평택, 신세계인터내셔널, 이케아, 마리오아울렛, 신화푸드, 투썸플레이스 등 1만 건을 훌쩍 넘는다. 이달 말엔 공기청정살균기 '새니케어V1'도 선보인다. 플라즈마와 이온 발생기가 탑재돼 바이러스와 세균을 잡아주는 제품이다. 이병화 대표는 ""전문인력과 첨단기술이 융합된 스마트 솔루션을 앞세워 고객의 가치에 안심을 채우는 보안 전문기업으로 성장하겠다""며 ""회사의 가치를 더 키워 기업공개(IPO)에도 나설 것""이라고 말했다. 
]"
[“삼성전자·SK하이닉스 어쩌나” 메모리 반도체 가격에 무슨 일이…[비즈360]],https://n.news.naver.com/mnews/article/016/0002011566?sid=101,"[
D램 가격 재고 부담…3분기, 2분기보다 가격 10% ↓ 예상경제 불확실성 증가…낸드플래시 시장 가격 하락세 보여



SK하이닉스 반도체 제조 라인 모습[SK하이닉스 제공][헤럴드경제=김지헌 기자] 글로벌 D램 가격이 올해 3분기에 10% 이상 떨어질 수 있다는 관측이 나왔다. 낸드플래시 가격 역시 최근 하락세를 보이면서, 메모리 반도체를 중심으로 수익을 내는 삼성전자와 SK하이닉스 실적에 ‘먹구름’이 끼는 것 아니냐는 우려가 제기된다.5일 대만 시장조사업체 트렌드포스는 “일부 D램 공급업체들이 수요가 불확실해지고 있는 상황에서 재고 물량에 대한 압박으로 판매 가격 인하 의사를 보이기 시작했다”며 “3분기 D램 가격은 2분기보다 10% 가까이 떨어질 것”이라고 관측했다. 이어 “업체들의 판매 경쟁으로 가격 전쟁이 촉발되면 가격 하락률이 10%를 넘어설 수도 있다”고 덧붙였다. 당초 트렌드포스는 올해 3분기 D램 가격이 전분기보다 3~8% 수준으로 하락할 것으로 전망했다.최근 제조사들이 늘어나는 D램 재고에 대처하기 위해 가격을 더 인하해서라도 물량을 줄이려는 움직임이 포착되고 있다는 설명이다. PC용 D램의 경우 가격이 3분기에 5~10% 가량 하락세를 보일 것으로 전망된다. 당초 하락 예상치는 3~8% 수준이었다.서버용 D램 가격도 재고량 압박이 강화되면서 오는 3분기에 5~10% 떨어질 것으로 예상됐다. 서버 D램 관련 제조사들이 가장 먼저 분기별 5% 이상의 단가 인하 의사를 밝히며 그 폭이 강화됐단 분석이다. 모바일 D램 가격 하락폭은 3분기에 8~13%까지 확대될 전망이다.이에 따라 D램 시장 전반적인 가격 하락 폭 역시 기존 관측치(3~8%)보다 더 큰 10% 이상의 하락이 예상되는 상황이다.낸드플래시 가격 역시 최근 하락세를 보인 것으로 나타났다. 시장조사업체 D램익스체인지에 따르면 6월 낸드플래시 메모리카드·USB향 범용(128Gb 16Gx8 MLC) 제품의 평균 고정거래가격은 개당 4.67달러를 기록해 전월(4.81달러)보다 3.01% 떨어졌다. 고정거래가격은 메모리 반도체 제조사와 글로벌 수요처 기업이 체결하는 공급계약 가격을 뜻한다.낸드플래시 고정가격이 하락세를 기록한 건 2020년 10월 이후 1년 8개월 만이다. 당시 4.2달러였던 낸드플래시 고정가격은 지난해 7월 4.81달러까지 오른 뒤 11개월 동안 가격을 유지한 바 있다.인플레이션과 러시아의 우크라이나 침공, 중국 경제 둔화 등으로 PC, 노트북, 스마트폰 등 주요 정보기술(IT) 제품 수요가 줄어든 점이 낸드플래시 시장에도 영향을 미치고 있단 분석이다. 메모리 시장 수익성 하락 가능성으로 인해 삼성전자와 SK하이닉스의 실적 하향 전망도 금융투자업계에서 제기되고 있다.남대종 이베스트투자증권 연구원은 “반도체 부문에서 비메모리는 양호하지만, 메모리 출하량이 기대치를 밑돌 것으로 예상된다”고 분석했다.




]"
"[삼성전자, 신저가 찍고 상승 전환…5만7000원선 마감(종합)]",https://n.news.naver.com/mnews/article/003/0011284415?sid=101,"[
기사내용 요약삼전, 5만5700원까지 하락 신저가 ""외국인 반발 매수세 유입""



[서울=뉴시스] 류병화 기자 = 삼성전자가 4일 개장 초반 신저가를 기록한 뒤 상승 전환해 5만7000원선에서 마감했다.이날 한국거래소에 따르면 삼성전자는 전 거래일 대비 900원(1.60%) 오른 5만7100원에 거래를 마쳤다.주가는 개장 직후 5만5700원까지 하락하며 52주 신저가를 기록했으나 다시 상승 전환해 5만7000원선까지 회복했다.삼성전자 주가가 신저가를 기록한 것은 지난 1일 이후 1거래일 만이다.주가가 개장 초반 부진한 것은 마이크론의 다음 분기 가이던스 하향 조정 여파 탓인 것으로 보인다.마이크론은 올해 6~8월 매출 전망치를 72억달러(약 9조3700억원)로 제시했다. 이는 시장 전망치가 91억4000만달러를 크게 하회하는 수준이다.이후 삼성전자는 반발 매수세가 몰리며 강세로 마감했다. 외국인 투자자들이 사들이며 4거래일 만에 상승 마감했다.김석환 미래에셋증권 연구원은 ""글로벌 경기 침체 우려가 지속되고 반도체주 업황 우려가 확대됐지만 삼성전자, SK하이닉스 등 반도체 대형주는 이번 2분기 실적 기대감에 외국인 반발 매수세가 유입됐다""고 설명했다．
]"
"[전망도 안좋은데…삼성전자, '나홀로' 반등한 이유는?]",https://n.news.naver.com/mnews/article/015/0004720029?sid=101,"[




사진=뉴스1코스피지수가 하락세를 이어갔지만 삼성전자와 SK하이닉스는 상승 마감했다.4일 삼성전자는 1.6% 오른 5만7100원에 거래를 마쳤다. SK하이닉스는 1.83% 오른 8만9100원에 거래를 마쳤다. 하락세를 주도하던 두 종목인 반등한 것은 지난달 28일 이후 4거래일 만이다. 이날 기관은 삼성전자를 1564억원어치 순매수했다. 외국인은 487억원을 순매도했다. SK하이닉스는 외국인과 기관이 각각 188억원, 266억원을 사들이며 주가를 끌어올렸다.전문가들은 기술적 반등에 무게를 뒀다. 김지산 키움증권 리서치센터장은 “반도체 수요나 재고가 바닥을 벗어났다는 신호가 없다”며 “포트폴리오 조정 측면에서 반도체로 매수세가 유입된 것으로 보인다”고 말했다. 전망도 긍정적이지 않다. 메모리 반도체 3위 마이크론 테크놀로지는 최근 3분기 매출 전망치를 72억달러(약 9조3000억원)으로 발표했다. 증권업계 추정치를 21% 밑도는 수준이다. 마이크론은 반도체 3사 가운데 가장 먼저 실적을 발표해 업황의 ‘풍향계’로 불린다.이승우 유진투자증권 리서치센터장은 “기업들의 가이던스와 애널리스트들의 실적 추정치 하향이 본격화될 것이라는 점에서 불안한 국면이 마무리됐다고 판단하기 어렵다”고 말했다.다만 반도체주의 밸류에이션(실적 대비 주가 수준)은 메리트가 있다는 분석이 나온다. 이 센터장은 “장기 투자 자들은 서서히 매수 타이밍을 고려할 만한 주가”라고 말했다.
]"
[삼성전자 52주 신저가 또 경신…5만5700원 [특징주]],https://n.news.naver.com/mnews/article/018/0005258989?sid=101,"[




[이데일리 김소연 기자] 4일 장초반 삼성전자(005930)가 5만5700원까지 하락하며 52주 신저가 기록을 다시 썼다.마켓포인트에 따르면 이날 오전 9시14분 현재 삼성전자는 전 거래일 대비 0.71% 오른 5만6600원에 거래되고 있다. 다만 개장 직후 삼성전자는 5만5700원까지 떨어지며 52주 신저가를 또 경신했다.최근 반도체 업황 우려가 확산하면서 삼성전자가 연일 52주 신저가 기록을 경신하고 있다. 지난 1일(현지시간) 필라델피아 반도체 지수가 3.83% 하락하는 등 반도체 업황 우려가 지속하고 있다.
]"
"[먹구름 낀 가전·TV 시장…삼성·LG전자, 2분기 장사 어땠나]",https://n.news.naver.com/mnews/article/031/0000682995?sid=101,"[
가전·TV 수요 침체에 원가 부담 등 악재 지속…하반기도 불확실성 이어져가전업계의 고심이 깊어지고 있다. 러시아·우크라이나 전쟁과 인플레이션 등으로 생활가전과 TV 수요가 위축되는 가운데 원자재·물류비 상승까지 겹치면서다. 각종 악재가 이어지면서 삼성전자와 LG전자는 2분기 아쉬운 성적표를 받아들 것으로 전망된다.4일 업계에 따르면 삼성전자와 LG전자는 오는 7일 2분기 잠정 실적을 발표할 예정이다.업계에선 지난해 펜트업(pent up·보복소비) 효과로 인해 가전과 TV 시장이 뜻밖의 호황을 누렸지만, 올 들어 수요가 둔화되면서 수익성에 영향을 미쳤을 것으로 보고 있다.



삼성전자 LG전자 '더현대 서울' 매장 [사진=서민지 기자]실제 올해 TV 출하량 전망치는 낮춰지는 분위기다. 시장조사업체 옴디아는 올해 전 세계 TV 출하량이 2억879만4천 대로, 전년 대비 474만3천 대가량 감소할 것으로 봤다.앞서 옴디아는 지난 3월 연간 TV 출하량이 2억1천163만9천 대로, 12년 만에 최저치를 기록할 것으로 예상한 바 있다. 시장 상황이 좋지 않자 전망치를 더욱 낮춘 것이다.재고 부담도 커지고 있다. 시장조사업체 DSCC는 삼성전자의 2분기 재고회전일수가 평균 94일로, 예년보다 약 2주 늘어 역대 최고치를 기록한 것으로 파악했다. 재고회전일수란 가전 재고가 매출로 발생하기까지 걸리는 시간으로, 길어질수록 부담이 크다.업계에선 삼성전자와 LG전자의 재고자산도 확대됐을 것이란 전망을 내놓는다. 삼성전자와 LG전자 모두 1분기 재고자산이 큰 폭 늘어난 바 있다.금융감독원 전자공시시스템에 공시된 삼성전자의 1분기 재고자산은 47조5천907억원으로, 전년 동기보다 55.4% 늘었다. 같은 기간 LG전자의 재고자산은 7조9천959억원에서 10조2천143억원으로 27.7% 증가했다.



삼성전자, LG전자 로고 [사진=서민지 기자]삼성전자와 LG전자는 다양한 악재 속에도 2분기 선방하는 실적을 기록할 것으로 점쳐진다. 다만 러시아와 우크라이나의 전쟁, 인플레이션, 금리인상 등에 따른 경기 침체 등 경제 불확실성이 남아 있어 하반기에는 실적이 악화될 것으로 보인다.금융정보업체 에프앤가이드를 보면 삼성전자의 2분기 실적 컨센서스(증권사 전망치 평균)는 매출 77조2천218억원, 영업이익 14조6천954억원이다. 이는 전년 대비 각각 21.3%, 16.9% 증가한 수치다.남대종 이베스트투자증권 연구원은 ""2분기 MX와 VD·가전 부문에서 원달러 상승과 원자재 가격 상승 영향으로 이익률이 전 분기 대비 감소할 전망""이라며 ""하반기에는 메모리 반도체 수요 부진과 가격 하락, 세트 부문의 출하량 감소, 원가 부담이 지속될 것""이라고 예상했다.LG전자는 2분기 매출 19조4천379억원, 영업이익 8천630억원을 기록했을 것으로 관측된다. 전년보다 매출은 13.6% 늘어난 반면 영업이익은 1.7% 소폭 감소한 수준이다.고의영 하이투자증권 연구원은 ""최근 유럽을 중심으로 TV 판매가 부진했는데, 러시아 우크라이나 전쟁 영향으로 에너지 가격이 치솟으면서 소비 심리가 나빠졌다""며 ""가전은 그동안 미국을 중심으로 수요가 좋았지만, 최근 금리 인상과 더불어 주택 지표가 부진하면서 이와 관련되 가전 수요도 둔화될 가능성이 있다""고 말했다.
]"
[코스피 가까스로 2300선 사수…삼성전자도 신저가 찍고 반등],https://n.news.naver.com/mnews/article/015/0004719998?sid=101,"[




사진=연합뉴스코스피가 기관의 매수세에 힘입어 2300선을 지켜냈다. 장중에는 2300선을 수차례 넘나들었고, 오후 한 때 2300선을 크게 하회하기도 했다.장 초반 52주 신저가를 다시 쓴 삼성전자와 SK하이닉스는 반등해 각각 1% 넘게 올랐다.4일 코스피는 전일 대비 5.08포인트(0.22%) 내린 2300.34에 거래를 마쳤다.전장보다 5.13포인트 높은 2310.73에 거래를 시작한 코스피는 오전까지만 해도 2300선을 놓고 공방을 벌이다가. 낙폭을 1% 이상으로 키워 2276.63까지 빠졌다. 하지만 오후 1시22분 이후 낙폭을 줄이며 2300선을 회복했다.이날 유가증권시장에서 개인과 외국인이 각각 1844억원 어치와 1385억원 어치의 주식을 팔며 지수 하락을 주도했다. 기관이 3121억원 어치를 순매수하며 2300선을 가까스로 지켰다. 프로그램 매매는 1315억원 매도 우위였다.시가총액 상위 종목 중에서는 삼성전자, SK하이닉스, 삼성바이오로직스, 카카오가 1% 넘게 올랐다. 특히 개장 직후 삼성전자는 5만5700원으로, SK하이닉스는 8만6300원으로 각각 52주 신저가 기록을 경신했지만, 이후 강하게 반등했다.김석환 미래에셋증권 연구원은 “반도체 대형주는 2분기 실적 기대감에 외국인 반발 매수세가 유입됐다”면서 “다만 TSMC의 오더컷(주문량 감소), 마이크론의 실적 하향 조정 등 업황 우려가 충돌해 중소형 반도체주는 낙폭이 확대됐다”고 말했다.삼성전자·SK하이닉스와 달리 장 초반엔 강세를 보였던 LG화학, 현대차, 네이버(NAVER), 삼성SDI 등은 1% 내외로 하락한 채로 마감됐다.주요 업종 중에서는 건설업, 기계, 운송장비 등이 크게 하락했다.지난주까지 강한 모습이었던 조선섹터, 원자력 발전 및 우크라이나 재건 테마가 급락한 영향이다.GS건설이 2분기 ‘어닝 쇼크’ 가능성이 제기된 영향으로 8.41% 급락하며 건설업종 하락세를 주도했다.코스닥은 전일 대비 전일 대비 6.75포인트(0.93%) 하락한 722.73에 거래를 마쳤다. 이 시장에서는 개인이 577억원 어치 주식을 순매수한 반면, 외국인과 기관은 각각 380억원 어치와 155억원 어치를 팔았다.코스닥 시가총액 상위 종목 중에서는 HLB, 에코프로비엠, 펄어비스가 비교적 크게 상승했다. 반면 카카오게임즈, 셀트리온제약은 하락헀다.이날 서울외환시장에서 원·달러 환율은 전일 대비 0.20원(0.02%) 내린 달러당 1297.09원에 거래를 마쳤다.
]"
